title,url,english_title,author,publisher,publication_date,selling_price,original_price,discount_rate,sales_index,review_count,rating,tags,description
된다! 하루 만에 끝내는 제미나이 활용법,https://www.yes24.com/product/goods/163301895,"보고서, 이미지 생성 등 70가지 예제 수록! 노트북LM, 구글 AI 스튜디오, 나노 바나나를 한 권에!",권서림,이지스퍼블리싱,2025년 11월,18000,20000,10.0,92187,62,9.8,"#분철, #AI, #AI사용법, #AI이미지, #AI활용콘텐츠","업무·SNS·일상 어디든 활용할 수 있는 70가지 예제로 제미나이를 쉽게 배운다!스마트폰 속 제미나이 앱과 노트북LM, 구글 AI 스튜디오까지 200% 활용하자!이 책은 AI에 쉽게 적응하고 싶은 초보자를 위한 제미나이 ..."
요즘 바이브 코딩 안티그래비티 완벽 가이드,https://www.yes24.com/product/goods/174658020,"구글 AI, 제미나이, 스티치, 프롬프트 엔지니어링, 인공지능 에이전트, RAG, 프론트엔드, PRD, TDD, 클린 아키텍처, 리팩터링, 챗봇, 블로그, 랜딩 페이지 더 빠르고 더 견고한 프로그램을 만드는 원리와 방법",최지호,골든래빗,2026년 02월,25200,28000,10.0,26106,2,10.0,#분철,"구글의 야심작 안티그래비티! 0원으로 시작하는 바이브 코딩!UI 디자인, TDD와 클린 아키텍처, 수익형 서비스까지 5가지 실전 예제로 완성하는 최강 레시피!제미나이, 클로드, GPT까지 AI 에이전트 군단을 지휘하는 ..."
누구나 아는 나만 모르는 제미나이,https://www.yes24.com/product/goods/172517063,"세상에서 가장 쉬운 제미나이 & AI 입문서 | Gemini, 구글 워크스페이스, Gems, 노트북LM, 나노바나나 프로, 구글 AI 스튜디오, Veo 3.1, 믹스보드",이성원,한빛미디어,2026년 01월,17100,19000,10.0,26031,11,10.0,"#제미나이, #AI, #AI관련서, #생성형AI, #AI사용법","왕초보를 위한 세상에서 가장 쉬운 제미나이 & AI 입문서!제미나이 3 최신 버전으로 학습한다!구글이 만든 요즘 대세 AI 제미나이, 이 책은 IT에 서툰 분도 단숨에 제미나이를 다룰 수 있도록 세상에서 가장 쉽고 친..."
"AI 시대의 질문력, 프롬프트 엔지니어링",https://www.yes24.com/product/goods/150566390,,류한석,코리아닷컴(Korea.com),2025년 08월,24300,27000,10.0,59490,44,9.5,"#분철, #클로드, #제미나이, #생성형AI, #챗GPT",대한민국 최고의 대기업과 공공기관이 선택한 프롬프트 엔지니어링 교과서당신의 질문력이 곧 당신의 경쟁력이다!책에 포함된 QR 코드를 통해 모든 프롬프트를 다운로드할 수 있다.이제 프롬프트는 새로운 교양이다....
"요즘 교사를 위한 에듀테크 5대장 : 캔바, 패들렛, 북크리에이터, 노션, 챗GPT∙제미나이",https://www.yes24.com/product/goods/169849422,"수업준비, 학급경영, 행정업무, 상담, 연수준비, 개인업무, 교사협업, 바이브코딩 어떻게 활용했고, 어떻게 활용할 수 있는지!",안익재,앤써북,2025년 12월,17820,19800,10.0,17682,84,10.0,,"요즘 교사들이 가장 많이 사용하는 5가지 에듀테크를 수업과 업무 완성에 어떻게 활용했고, 어떻게 활용할 수 있는지 50가지 주제별 실습과 100가지 실제 활용 사례와 활용 방법을 통해 배운다. 이 책은 요즘 교사들..."
피지컬 AI 메가 트렌드,https://www.yes24.com/product/goods/176004735,,최홍섭,위즈덤하우스,2026년 01월,20700,23000,10.0,8286,21,9.9,,"*고동진 삼성전자 전 대표이사, 궤도 과학 커뮤니케이터, 문용식 전 NIPA 원장,이해민 국회의원, 최경진 한국인공지능법학회 회장 강력 추천*엔디비아와 테슬라, 오픈AI는왜 피지컬 AI를 미래 핵심 비즈니스로 삼았..."
요즘 바이브 코딩 클로드 코드 완벽 가이드,https://www.yes24.com/product/goods/151850127,"요금제 선택, CLAUDE.md, Opus, Sonnet, 모델 선택, MCP, PRD, 깃허브 워크플로, UI 프로토타이핑, 인증 구현, 슬래시 커맨드, supabase 연동, 테스트, 배포, 슈퍼 클로드, ccusage, 클로디아 느낌이 좋은 프로그램",최지호,골든래빗,2025년 09월,21600,24000,10.0,30378,18,8.4,"#크레마클럽에있어요, #분철, #클로드코드, #코딩AI, #코딩","★ 200달러 MAX 플랜으로 매일 10시간씩 실험하여 얻은 노하우를 모두 담았다!★ 어디에도 없는 클로드 코드 최강 팁과 노하우, 레시피를 빠르게 알고 싶다면?★ 이 책으로 천상계에서 개발하는 진짜 바이브 코더가 ..."
요즘 교사를 위한 AI 수업 활용 가이드 with 2022 개정 교육과정,https://www.yes24.com/product/goods/145426898,"챗GPT부터 캔바, 구글 스프레드시트, API 연동까지",박진환,한빛미디어,2025년 05월,18000,20000,10.0,94893,65,9.8,"#에듀테크, #미래교육, #챗GPT, #인공지능","2022 개정 교육과정에 맞춘 실전 에듀테크 활용서챗GPT, 구글 스프레드시트, 캔바, 퍼플렉시티, 클로드, LilysAI, Jungle AI, Sora, NotebookLM, Napkin AI 등 최신 AI 도구가 이 한권에! 생활기록부, 평가 계획 작..."
된다! 하루 만에 끝내는 챗GPT 활용법,https://www.yes24.com/product/goods/146955725,인공지능에게 일 시키고 시간 버는 법,프롬프트 크리에이터,이지스퍼블리싱,2025년 06월,18000,20000,10.0,37668,97,9.4,"#크레마클럽에있어요, #분철",GPT 분야 3 년 연속 베스트셀러! 최신 버전 GPT-4.1 반영!초보자도 1 시간이면 바로 사용 가능! 업무부터 자기 계발까지 챗 GPT 에게 일 시키고 시간 버는 법!챗 GPT 입문 분야 베스트셀러인 『된다! 하루 만에 끝내...
이게 되네? 나노바나나 AI 비포&애프터 미친 활용법 71제,https://www.yes24.com/product/goods/167400825,"포토샵 없이 제미나이로 5초 컷! 씨드림, 미드저니, 소라, 위스크까지 나만의 AI 사진관 한 권으로 끝내기",쌩초,골든래빗,2025년 12월,16920,18800,10.0,18366,82,10.0,"#크레마클럽에있어요, #분철","★ ‘나노바나나 프로’ 미친 활용! 클릭 몇 번으로 이렇게 달라진다고!★ 나노바나나를 200% 활용하는 ‘쌩초’의 비포/애프터 레시피 대방출!★ 포토샵 없이, 스튜디오 촬영 없이 만드는 71가지 고퀄리티 사진★ ..."
제로클릭,https://www.yes24.com/product/goods/171566846,"클릭의 종말, AI 시대의 생존 전략",손승완,길벗,2026년 01월,16920,18800,10.0,9990,41,9.8,"#AI시대가온다, #마케팅이란, #마케팅전략, #마케터는보라","〈트렌드 코리아 2026〉이 선정한 올해의 키워드, 제로클릭!생성형 AI가 '검색의 패러다임’을 통째로 바꾸고 있는 시대내 브랜드와 콘텐츠가 AI에게 선택받으려면 어떻게 해야 할까?사람들은 여전히 검색하지만, 더..."
AI 에이전트 엔지니어링,https://www.yes24.com/product/goods/174018513,"단일 에이전트부터 멀티 에이전트 시스템까지, AI 앱 개발 올인원 가이드",마이클 알바다,한빛미디어,2026년 01월,28800,32000,10.0,7656,3,10.0,,"AI 에이전트 시스템 구축을 다룬 최고의 입문서!이 한 권이면 수백 편의 논문을 읽지 않아도 좋다생성형 AI 시대, 기업은 이제 단순 자동화를 넘어 도구·지식·메모리를 결합한 AI 에이전트로 더 복잡한 문제를 해결..."
이게 되네? AI 쇼츠 만들기 미친 자동화 22제,https://www.yes24.com/product/goods/169665962,"인공지능으로 쇼츠와 릴스를 자동 제작한다! 콘텐츠 수집부터 스크립트 작성, 영상 제작, 유튜브와 인스타그램 자동 업로드까지 코딩 모르는 초보자도 숏폼으로 수익 창출하는 법",천은영,골든래빗,2026년 01월,23400,26000,10.0,8991,4,10.0,,코딩 몰라도 OK! '딸깍' 한 번에 숏폼 콘텐츠 수집/제작/업로드 끝내는 미친 자동화 시스템 22제!AI가 쉴 틈 없이 돈 벌어준다! 1인 크리에이터를 위한 24시간 숏폼 수익 창출 가이드복붙 프롬프트 모음집 & 카카오...
AI 버블이 온다,https://www.yes24.com/product/goods/167465671,우리는 진짜 인공지능을 보고 있는가?,아르빈드 나라야난,윌북(willbook),2025년 12월,22320,24800,10.0,12012,46,9.9,"#마케터는보라, #AI시대가온다, #AI관련서",“AI 버블에 면역이 있는 기업은 없다” ─순디르 피차이(구글 CEO)“우리는 지금 인공지능 버블 속에 있다” ─샘 올트먼(오픈AI CEO)★ “이 책을 읽지 않았다면 AI 주식에는 한 푼도 투자하지 말라!”★《타임》 ...
누구나 아는 나만 모르는 챗GPT : 세상에서 가장 쉬운 챗GPT & AI 입문서,https://www.yes24.com/product/goods/154232193,"CHATGPT, 제미나이, 나노바나나, Suno, 노트북LM, Sora, 감마, 냅킨",이성원,한빛미디어,2025년 10월,17100,19000,10.0,13224,39,9.7,#분철,"이보다 쉬운 챗GPT & AI 책은 없다!왕초보를 위한, 세상에서 가장 쉬운 챗GPT & AI 입문서 누구나 아는, 그러나 나만 몰랐던 챗GPT와 AI, 이 책은 IT에 서툰 분도 단숨에 따라 할 수 있도록 진짜 쉽고 친절하게 설명..."
MK에디션 CES 2026,https://www.yes24.com/product/goods/174267330,피지컬 AI의 시대,매일경제 CES 특별취재팀,매일경제신문사,2026년 01월,18000,20000,10.0,7062,0,,,"“이제 AI 기술은 가능성을 말하지 않는다. 당장 쓸 수 있음을 증명한다.”매일경제 취재팀과 미라클레터가 함께 전하는 CES 2026 현장 리포트AI?로보틱스?모빌리티?디지털 헬스, 혁신미래기술의 인사이트를 밝히다..."
AI 자율학습 클로드 코드·코덱스 CLI·제미나이 CLI 완전 활용법,https://www.yes24.com/product/goods/175525819,한 권으로 끝내는 AI 터미널 도구 3대장 바이브 코딩,Dave Lee,길벗,2026년 02월,28800,32000,10.0,3747,4,10.0,,"AI와 함께 일하는 법을 배우다클로드 코드·코덱스 CLI·제미나이 CLI를 실무에서 활용하는 방법AI 코딩 도구를 처음 접하는 사람에게 가장 어려운 점은 '무엇부터 시작해야 하는지', 그리고 '어디까지 활용할 수 있는..."
요즘 당근 AI 개발,https://www.yes24.com/product/goods/154566057,"AI가 만든 파도 위에서 과감히 서핑하는 법. AI 에이전트, 프롬프트 엔지니어링, VoC 자동 분석, 운영자동화, 바이브 코딩 AI 검색과 추천까지 당근의 AI 활용 이야기",당근 팀,골든래빗,2025년 10월,19800,22000,10.0,18201,86,9.9,#크레마클럽에있어요,"★ ‘당근’의 진짜 AI 활용과 개발 이야기★ 사용자 문제를 AI로 해결하는 당근 팀의 여정을 만나 보세요.‘AI로 과연 될까?’라는 질문은 ‘AI로 어떻게 하면 될까?’라는 고민으로 이어졌습니다. 엔지니어, 프로..."
대체불가 AI 영상 제작 완전정복,https://www.yes24.com/product/goods/165239801,챗GPT로 기획하고 제너레이티드 포토스·아트브리더·구글 베오·나노 바나나(Flash 2.5)·미드저니·프리픽·시드림·수노 AI·일레븐랩스·클링AI·런웨이·피카·소라2·컴피UI·캡컷 AI로 완성하기,이용태,책바세,2025년 12월,26100,29000,10.0,9339,12,9.8,,"〈한 권으로 끝내는 생성형 AI 영상 제작의 모든 것〉〈AI 하나로 광고·영화·애니메이션·교육 영상부터 유튜브·틱톡 숏츠까지 제작하는 시대!〉""실무형 예제 중심으로 배우는 ""진짜"" AI 영상 제작""챗GPT/소라/피카/..."
AI가 쉬워지는 최소한의 수학,https://www.yes24.com/product/goods/176526389,인공지능 문해력을 키우는 수학적 사고법의 힘,이동준,지상의책(갈매나무),2026년 02월,18000,20000,10.0,3252,3,10.0,"#이집수학잘하네, #수학의이해, #수학으로읽는세상","‘AI 시대가 온다는데, 어디서부터 시작해야 할지 모르겠어요.’‘인공지능이 어떤 방식으로 작동하는지 궁금해요.’‘딥러닝을 공부하기 전에 수학으로 기초를 다지고 싶어요.’ AI 대전환 시대,수학을 아는 자가 ..."
AI 프로젝트 100% 성공을 위한 체크리스트 17,https://www.yes24.com/product/goods/175133788,"비즈니스 성장을 위한 AI 프로덕트의 기획부터 설계, 성능 평가까지 단계별 전략",유진호,책만,2026년 01월,25200,28000,10.0,5706,5,10.0,,"성공률 100%의 AI 프로젝트를 위한, 현장에서 즉시 꺼내 쓰는 실전 로드맵! 화려한 AI 기술 스택 뒤에는 비즈니스 가치 입증 실패, 운영 비용의 늪, 경험의 부재라는 수많은 함정이 도사리고 있다. 이 책은 AI 프로..."
AI 엔지니어링,https://www.yes24.com/product/goods/154925812,"파운데이션 모델을 활용한 시스템 설계부터 개선까지, AI 앱 개발 원스톱 가이드",칩 후옌,한빛미디어,2025년 09월,36000,40000,10.0,13980,15,9.9,,"최고의 AI 전문가 칩 후옌이 엔비디아, 스노클 AI, 스탠퍼드에서 쌓은 현장 경험과 노하우!모델 활용을 넘어서, 실전으로 통하는 AI 서비스 설계 가이드“프로덕트 레벨에 맞는 설계란 무엇일까요?”파운데이션 모델..."
"누구나 쉽게 AI 작사 & 작곡 with 생성형 인공지능, 챗GPT, 수노, 유디오",https://www.yes24.com/product/goods/152644865,"음악 장르별 특징 파악부터 가사, 광고, 영화, 대중음악 생성을 위한 프롬프트 실습까지!",현병욱(오땡큐),시프트,2025년 09월,18000,20000,10.0,16074,29,9.7,"#AI음악, #AI작곡","AI로 시작하는 음악, 쉽고 재미있게 나만의 음악을 만들며, 음악의 매력에 빠져 보자!'AI에서 클릭 몇 번이면 음악이 뚝딱 완성되는데, 과연 책을 볼 필요가 있을까?' 직접 AI를 사용하여 음악을 만들어 보면 가졌던..."
혼자 공부하는 머신러닝+딥러닝,https://www.yes24.com/product/goods/143912145,케라스와 파이토치로 1:1 과외하듯 배우는 인공지능 자습서,박해선,한빛미디어,2025년 04월,28800,32000,10.0,20226,142,9.7,#분철,"머신러닝 분야 부동의 베스트셀러! 트랜스포머와 LLM 실습까지 더 많이 채웠다!케라스는 물론 파이토치까지, 혼자서도 1:1 과외하듯 배우는 인공지능 자습서 ** 혼공 용어 노트, 저자 직강 유튜브 강의, FAQ(자주 하..."
Do it! LLM을 활용한 AI 에이전트 개발 입문,https://www.yes24.com/product/goods/146036009,GPT API+딥시크+라마+랭체인+랭그래프+RAG,이성용,이지스퍼블리싱,2025년 05월,31500,35000,10.0,19311,21,9.7,"#크레마클럽에있어요, #분철, #파이썬, #챗GPT, #LLM","GPT API를 활용한 업무 자동화부터 랭체인과 랭그래프를 활용한 멀티에이전트 개발까지!한 권으로 끝내는 AI 에이전트 개발 입문! AI가 모두의 일상을 바꾸고 있는 지금, AI 기술을 제대로 이해하고 활용하는 방법을..."
요즘 바이브 코딩 커서 AI 30가지 프로그램 만들기,https://www.yes24.com/product/goods/153029475,"인공지능 코딩, 랜딩 페이지, 바탕화면 정리 앱, PDF 편집기, 이메일 자동화, 주식 크롤링, QR 코드 생성기, GPT 블로그 생성기",박현규,골든래빗,2025년 09월,21600,24000,10.0,16230,84,9.9,"#크레마클럽에있어요, #코딩, #코딩교육, #바이브코딩, #AI","★ 월 20달러로 커서 AI를 300% 활용해보자, 당신의 아이디어를 바로 애플리케이션으로 만들어보자!★ 랜딩 페이지부터 블로그 만들기까지, 코딩 1도 몰라도 바로 시작할 수 있다!★ 커서 AI와 대화하면서 프로그래..."
된다! 하루 만에 준비하는 AI 학교 수업 활용법,https://www.yes24.com/product/goods/142814138,"with 챗GPT, 캔바, 미리캔버스, 구글 기반 AI",정인걸,이지스퍼블리싱,2025년 03월,17820,19800,10.0,22638,39,10.0,#크레마클럽에있어요,"2022 개정 교육과정 반영! AI 디지털 교과서 시대의 해법!교육감, 한국과학창의재단 강사 추천!상위 1% 에듀테크 교사의 수업 비법을 공개합니다!AI 디지털 교과서 도입을 두고 찬반이 이어지는 가운데 교사와 아이..."
된다! 피그마 디자인 10분 레시피,https://www.yes24.com/product/goods/176919464,SNS 콘텐츠 + UX/UI + 웹 디자인 + AI 활용,하이서,이지스퍼블리싱,2026년 02월,25200,28000,10.0,2136,1,10.0,,"누적 조회수 500만 뷰!업계 1티어 ‘피그마 피디아’ 팀의 10분 해결 실무 레시피SNS 콘텐츠는 물론 UX/UI, 웹 디자인, AI 활용까지 한 번에 해결하세요!“피그마가 좋다고 듣긴 했는데, 시작하려 하니 막막해요.”..."
챗GPT·퍼플렉시티·클로드·코파일럿·제미나이 다 잘함,https://www.yes24.com/product/goods/162322988,97가지 활용 사례로 배우는 최강 AI 5대장 완전정복,이호정,리코멘드,2025년 11월,25200,28000,10.0,8808,4,10.0,,"★ AI 시대, 하나로는 부족합니다!★ 진짜 일 잘하는 AI를 찾아 퇴근이 빨라지는 핵심 노하우를 97개의 활용 사례에 담았습니다!2022년 11월! 무엇이든지 묻기만 하면 원하는 대답을 척척 해 내는 챗지피티를 처음 ..."
AI 팀원이 다 해줌,https://www.yes24.com/product/goods/167452561,챗GPT·퍼플렉시티·코파일럿·캔바·감마·브루 전원 투입!,이나현,한빛미디어,2025년 12월,20700,23000,10.0,6900,136,9.9,"#챗GPT가이드, #챗GPT업무활용, #일잘러업무스킬, #AI관련서, #AI수업","기획은 챗GPT, 전략은 퍼플렉시티, 운영은 코파일럿, 디자인은 캔바·감마·브루에게, 지금 당장 각 전문 분야의 에이스를 영입하세요!3일 걸릴 업무, AI 팀원과 함께라면 단 3시간 만에 끝납니다* 저자 즉답 오픈카톡..."
요즘 유치원 교사를 위한 에듀테크 활용법 : 캔바/패들렛/네이버/구글/태블릿 활용법,https://www.yes24.com/product/goods/165539763,학급운영 / 수업자료 / 디지털 놀이 자료 / 바닷속 한글놀이 / 액티브 아케이드 / 오토드로우 / 퀵드로우 / 북크레이터 / ZOOM / 애니메이티드 드로잉,전서아,앤써북,2025년 11월,15120,16800,10.0,6495,39,9.9,,"이 책은 국내 최초로 현직 유치원 교사 6인이 ‘요즘 유치원 교사’를 위해 교육 현장에 바로 활용할 수 있는 에듀테크별 100가지 수업 활용 실습과 사례를 담아 만든 실용적인 에듀테크 활용 가이드북이다. 캔바, ..."
AI 에이전트 생태계,https://www.yes24.com/product/goods/149414736,프레임워크와 프로토콜로 여는 새로운 패러다임,조쉬,로드북,2025년 08월,24300,27000,10.0,17949,15,9.7,#분철,"AI는 이제 LLM을 넘어, ‘에이전트의 시대’로 진입하고 있다. 『AI 에이전트 생태계』는 단순한 개발자용 튜토리얼이나 최신 트렌드 모음이 아니다. LangGraph, MCP, A2A 같은 기술 조각들을 나열하는 데 그치지 않..."
수노로 시작하는 AI 작곡,https://www.yes24.com/product/goods/168840773,"10분이면 완성하는 배경음악, 대중음악, 동요 제작 가이드",강성우,제이펍,2025년 12월,18000,20000,10.0,4548,18,8.6,,"아이디어만으로 완성하는 나만의 음악 이 책은 아이디어만으로 부담 없이 작사·작곡을 시작할 수 있도록 구성했다. 화성학을 몰라도, 악기를 다루지 못해도 괜찮다. 챗GPT로 음악의 스타일과 분위기, 가사까지 구체..."
인공지능이 다 해주는 브루 Vrew 영상 편집,https://www.yes24.com/product/goods/133823740,"유튜브, 숏폼 영상부터 버튜버, 인공지능 목소리 더빙까지 생성형 AI로 영상 콘텐츠 제작하기",지현이,시프트,2024년 10월,18000,20000,10.0,11250,19,9.7,,주제만 입력하면 대본 작성부터 영상 생성까지 한 방에 해결해 주는 브루 영상 편집!ChatGPT로 많은 사용자에게 알려진 생성형 인공지능은 이제 어느 분야든 적용되지 않는 곳이 없을 정도로 대중화되었다. 영상 편...
"우리, 프로그래머들 We, Programmers",https://www.yes24.com/product/goods/175232277,AI 시대에 잊혀 가는 ‘프로그래머 정신’을 다시 깨우다,로버트 C. 마틴,길벗,2026년 01월,27900,31000,10.0,2976,9,10.0,,"소프트웨어 개발 업계의 선도적 인물인로버트 C. 마틴이 이야기하는 ‘우리, 프로그래머들’의 이야기 생성형 AI가 코드를 만들어 내는 시대, 그럴수록 우리는 자연스럽게 다시 질문하게 된다. 우리는 누구이며, 왜 ..."
AI 리터러시 : 인공지능 필수 지식부터 완벽 활용까지,https://www.yes24.com/product/goods/139705941,여전히 챗GPT만 붙들고 있는 당신에게,김용성,프리렉,2024년 12월,22500,25000,10.0,26247,184,9.7,"#분철, #IT융합학과","AI 시대에 필수로 알아야 할 인공지능의 원리와 개념부터학생·직장인·공무원·교육자·연구자·자영업자, 누구에게나 당장 유용한 생성형 AI 서비스 59종까지!아직 AI의 잠재력을 다 누리고 있지 못한 당신을 넥스트 레..."
바로 배워서 바로 써먹는 바이브 코딩,https://www.yes24.com/product/goods/152079426,"캔바, 구글 앱스크립트, 파이어베이스, 러버블까지, 웹 앱 개발 도구를 활용한 AI 융합 교육 가이드",박찬,다빈치books,2025년 09월,19800,22000,10.0,18360,43,10.0,,누구나 아이디어만 있다면 누구나 멋진 웹 앱을 만들 수 있다!바이브 코딩(Vibe Coding)은 코딩을 전혀 모르는 사람도 생성형 AI에 프롬프트(명령어)를 입력하여 코드를 작성하고 서비스 샘플을 만들어주는 도구이다...
요즘 바이브 코딩 제미나이 CLI 완벽 가이드,https://www.yes24.com/product/goods/167384326,"인공지능 코딩, AI 네이티브 개발, LLM, 페르소나, 작업, 맥락, GEMINI.md, 컨텍스트 윈도우, 인증 방법, 요금제, 워크플로, 프로젝트 설계, 자동화, 프로젝트 컨텍스트, 대용량 입력 처리, 헤드리스 모드, Git Bash",김진환,골든래빗,2025년 12월,23400,26000,10.0,5313,79,9.9,#크레마클럽에있어요,★ 최강의 바이브 코딩 모델을 0원으로 시작하는 가장 완벽한 바이브 코딩 입문!★ 어디에도 없는 최강 팁과 노하우로정복하는 AI 업무 혁신 A to Z!★ 당장 회사에서 써먹는 실전 프로젝트로 확실하게 배우자!《제...
밑바닥부터 시작하는 딥러닝 1,https://www.yes24.com/product/goods/141787639,파이썬으로 익히는 딥러닝 이론과 구현,사이토 고키,한빛미디어,2025년 01월,23400,26000,10.0,12561,137,9.2,"#신경망, #파이썬, #머신러닝, #딥러닝",딥러닝 분야 부동의 베스트셀러!머리로 이해하고 손으로 익히는 가장 쉬운 딥러닝 입문서이 책은 딥러닝의 핵심 개념을 ‘밑바닥부터’ 구현해보며 기초를 한 걸음씩 탄탄하게 다질 수 있도록 도와주는 친절한 안내...
AI 내부자들,https://www.yes24.com/product/goods/153603522,글로벌 탑티어들의 AI 미래보고서,안건,스마트북스,2025년 09월,19800,22000,10.0,5532,6,9.3,,"AI 혁신은 어떻게 일어나는가?MIT · 스탠퍼드 · 하버드 · 조지아텍 · 시카고대 · UC버클리,구글 딥마인드 · 엔비디아 · 업스테이지 · 와들 · H2K까지글로벌 탑티어들의 AI 미래 보고서『AI 내부자들』은 MIT · 스탠..."
AI 에이전트 마스터 클래스,https://www.yes24.com/product/goods/175902524,"기획, 구현, 운영, 배포까지 현업에서 바로 적용하는 에이전트 개발 가이드",김구현,한빛미디어,2026년 01월,23400,26000,10.0,1695,3,10.0,,"랭체인의 기본기부터 최신 MCP 기술까지,‘살아 있는 AI’를 설계하는 가장 완벽한 로드맵단순한 챗봇을 넘어 스스로 판단하고 행동하는 ‘AI 에이전트’가 IT 업계의 새로운 표준으로 자리 잡고 있습니다. 이 책은 ..."
밑바닥부터 만들면서 배우는 LLM,https://www.yes24.com/product/goods/154099735,GPT를 내 손으로 직접 단계별로 만들어보면서 대규모 언어 모델의 기본기를 탄탄히 채우기,세바스찬 라시카,길벗,2025년 09월,36000,40000,10.0,11184,22,9.6,#분철,"한 줄 한 줄 코드를 따라가다 보면, 나만의 GPT가 완성된다!GPT를 밑바닥부터 구현하며 LLM의 원리를 손끝으로 체득하는 실전 가이드어려운 개념은 그림으로 풀고, LLM은 직접 만들면서 배운다. 이 책은 대규모 언어..."
입상 교사만 아는 아무도 말해주지 않은 수업혁신사례연구대회 1등급의 비밀,https://www.yes24.com/product/goods/147065285,전국대회 1등급 우수 입상자 7인이 알려주는 보고서 작성의 A to Z,임은빈,앤써북,2025년 06월,21600,24000,10.0,6849,24,10.0,,수업혁신사례연구대회 전국대회 1등급 우수 입상자 7인이 알려주는 보고서 작성의 A to Z티처빌 쌤동네 1위 강사의 입상 전략 전격 공개 교사를 위한 수업혁신사례연구대회 실전형 보고서 작성 매뉴얼 총망라 입상 ...
"바이브 코딩 너머 개발자 생존법: 개발자는 사라지지 않는다, 진화한다",https://www.yes24.com/product/goods/163601068,,애디 오스마니,한빛미디어,2025년 11월,20700,23000,10.0,5286,25,9.7,,"AI가 코드를 다 짜준다? 이제 '진짜 개발자'만 살아남는다AI 시대 개발자의 생존법으로 당신의 가치를 증명하라『바이브 코딩 너머 개발자 생존법』은 AI가 코드를 대신 작성하는 시대, 개발자가 무엇으로 경쟁력을 ..."
베테랑 AI 전문가가 만든 가장 쉬운 나노바나나 활용! NanoBanana(나노바나나)로 무엇이든 만들 수 있다 (AI 영상 제작),https://www.yes24.com/product/goods/173235066,"믹스보드, 클링AI, 플로우, 소라2",이현,광문각출판미디어,2026년 01월,19000,19000,,3198,44,10.0,,"AI 시대의 새로운 창작자를 위하여 당신이 이 책을 펼친 순간, 이미 새로운 시대의 문을 열었습니다. 불과 몇 년 전만 해도 멋진 이미지를 만들려면 포토샵 자격증이 필요했고, 수개월간의 강좌를 수강해야 했으며, ..."
"어쨌든, 바이브 코딩",https://www.yes24.com/product/goods/168561327,코딩을 몰라도 50개 앱과 웹사이트를 AI와 LLM을 활용해서 개발한다,코다프레스,인사이트(insight),2025년 12월,19800,22000,10.0,3576,44,10.0,,프롬프트 한 줄이면 충분하다기술이 없는 게 아니라 방식이 바뀐 거다아이디어로 바로 만드는 창작 경험 50개생각났다면 바로 만들어라아이디어는 이제 '시작 신호'다.코드를 몰라도 한 줄의 프롬프트가 바로 결과물...
AI 잘 쓰는 디자이너,https://www.yes24.com/product/goods/168263935,"나노 바나나부터 미드저니, 피그마, 캡컷, 수노, 런웨이까지!",전하린,이지스퍼블리싱,2025년 12월,18900,21000,10.0,3177,10,10.0,,"“AI 시대, 디자이너는 어떻게 일해야 할까?”콘텐츠, UX/UI, 그래픽, 패키지, 로고, 영상 디자이너가 AI로 일하는 법나노 바나나부터 미드저니, 피그마, 캡컷, 수노, 런웨이까지!“요즘 다 AI로 디자인한다던데…”..."
입상 교사만 아는 아무도 말해주지 않은 인성교육 연구대회 1등급의 비밀,https://www.yes24.com/product/goods/174327620,"인성교육실천사례, 교총 현장교육연구대회 두 대회를 완벽 대비하는 입상 보고서 작성법",송경은,앤써북,2026년 01월,17820,19800,10.0,2919,6,10.0,,"인성교육실천사례 х 교총 현장교육연구대회 두 대회를 완벽 대비하는 입상 보고서 작성법!왜 어떤 보고서는 1등급이 되고, 어떤 보고서는 탈락하는가? 인성교육실천사례연구발표대회와 교총 현장교육연구대회. 매년..."
인공지능이 답할 때 교육은 무엇을 묻는가,https://www.yes24.com/product/goods/173183477,AI가 채우지 못한 교육의 영토,함영기,에듀니티교육연구소(에듀니티),2026년 01월,18000,20000,10.0,3975,6,10.0,,"인공지능이 답할 때 교육은 무엇을 묻는가?AI 시대를 항해하는 교육자를 위한 인문학적 나침반.“‘AI를 잘 활용해야 살아남을 수 있다’라는 말이 지상 최대의 명령처럼 여겨지는 오늘, 나는 다른 질문을 던지고 싶..."
한 걸음 앞선 개발자가 지금 꼭 알아야 할 클로드 코드,https://www.yes24.com/product/goods/152379887,"실무에서 검증된 개발 방식 그대로, 매일 1시간 4주 Claude Code 에이전트 실전 훈련!",조훈,길벗,2025년 09월,23400,26000,10.0,9036,19,8.9,#분철,"현장에서 바로 적용할 수 있는 클로드 코드 실전 가이드!실무에서 검증된 개발 방식 그대로, 매일 1시간 4주 학습으로 클로드 코드 완전 정복!AI와 함께 개발하는 시대, 이제 클로드 코드는 더 이상 선택이 아닌 필..."
LLM을 위한 프롬프트 엔지니어링,https://www.yes24.com/product/goods/170504549,"LLM 구조 이해부터 프롬프트 전략, 대화형 에이전트 설계, 성과 평가까지",존 베리먼,제이펍,2026년 01월,25200,28000,10.0,2706,5,9.6,,"LLM을 지배하는 건 코드가 아니라 프롬프트다 결과물 중심의 접근과 달리 프롬프트 엔지니어링 자체를 깊이 있게 탐구한 실전 가이드다. LLM의 구조와 작동 원리, 효과적인 프롬프트 설계 기법, 대화형 워크플로 구..."
AI 게임 개발 with 코덱스,https://www.yes24.com/product/goods/177187498,"혼자서도 프로처럼 AI 팀원과 캐릭터 제작부터 음원, 코딩, 배포, 수익화까지",정윤지(유리링),한빛미디어,2026년 02월,28800,32000,10.0,840,3,10.0,,"코딩 몰라도 OK, 혼자서 '뱀서'급 게임 완성? AI와 함께라면 가능!혼자서도 프로처럼 AI 팀원과 캐릭터 제작부터 음원, 코딩, 배포, 수익화까지베테랑 게임 기획자 ‘유리링’이 알려 주는 혼자서도 팀처럼 AI를 다..."
교사를 위한 패들렛 Padlet,https://www.yes24.com/product/goods/143786416,기초부터 심화까지/학생참여형수업/샌드박스/패들렛AI/템플릿 및 기능별 수업 활용 사례,안익재,앤써북,2025년 03월,15120,16800,10.0,17106,47,10.0,,『교사를 위한 패들렛 Padlet』은 유치원·어린이집 및 초·중·고 교사가 수업에 즉시 활용할 수 있는 패들렛 수업 활용 방법을 소개하는 실전 활용서이다. 패들렛 기본 기능부터 교사가 알아두면 유용한 심화 기능까...
"2026 빠르게 따는 SQLD(1권(이론)+2권(빈출 족보+기출&모의고사) 분권, 웹 CBT(PC/모바일) 제공, 시험 직전 Live 빠따 특강)",https://www.yes24.com/product/goods/174682218,SQL 개발자,이유성,골든래빗,2026년 01월,21600,24000,10.0,1452,15,10.0,,"* 비전공자도, 노베이스도 빠르게 따자!* 책 + 특강 + CBT + 카페 + 단톡까지* 확실한 합격으로 안내하는 SQLD 합격 토탈 전략 패키지SQL 개발자(SQLD) 자격증 취득을 고민하고 계신가요? 『2026 빠르게 따는 SQLD』..."
AI 디자인 활용백과,https://www.yes24.com/product/goods/175122641,내가 원하는 이미지를 뽑기 위한 미드저니&챗GPT&나노바나나 디자인 워크북!,채시은,스마트북스,2026년 01월,22500,25000,10.0,1395,1,10.0,,내가 원하는 이미지를 뽑기 위한미드저니&챗GPT&나노바나나 디자인 워크북!회사원 PPT 이미지부터 패션 디자인까지 아이디어만 있으면 OK!다양한 기업들이 러브콜 보낸 AI 강의가 책으로 나왔다. 『AI 디자인 활용백...
요즘 바이브 코딩 코덱스 완벽 가이드,https://www.yes24.com/product/goods/175110068,"인공지능 코딩, AI 에이전트, 프롬프트 엔지니어링, 컨텍스트 엔지니어링, AGENTS.md, PRD, 코덱스 클라우드, 수파베이스, Spec Kit 워크플로, 토큰 최적화, 배포, v0, 스킬, 고급 사용법, 오픈라우터",윤재원,골든래빗,2026년 02월,25200,28000,10.0,1245,17,10.0,,"* 진짜 개발자는 코덱스를 어떻게 사용할까? 진짜 개발자의 노하우를 배워보자!* 이론부터 구현까지 빠르고 탄탄하게, 코덱스로 완성하는 실전 바이브 코딩! * 초보자가 놓치기 쉬운 프롬프트 엔지니어링의 기초부터..."
MCP 실전 활용 & 서버 개발 핵심 가이드,https://www.yes24.com/product/goods/162224477,"MCP 기초와 서버 활용법부터 데이터 분석, AI 비서, 주식 거래를 위한 MCP 서버 구축까지",AI튜터랩,위키북스,2025년 11월,25200,28000,10.0,3012,1,10.0,,"《MCP 실전 활용 & 서버 개발 핵심 가이드》는 단순한 AI 활용법을 넘어 MCP의 핵심 원리를 이해하고, 이를 통해 나만의 MCP 서비스와 서버를 직접 구축하는 실질적인 경험을 제공합니다. 기초 사용법부터 심화 활용..."
챗GPT 구구단,https://www.yes24.com/product/goods/174080422,4060을 위한 가장 쉬운 AI 클래스,유경식(피치타이탄),여의도책방,2026년 01월,23400,26000,10.0,2514,10,9.6,,"검색이 아닌 ‘대화’로, 기술이 아닌 ‘습관’으로 익히는 AI 파트너십대한민국의 챗GPT 열풍이 거세다. 앱 분석 플랫폼 센서타워에 따르면 챗GPT는 2025년 한국 앱 시장 전체에서 다운로드 1위, 매출 4위를 기록했..."
생성형 AI 활용 업무혁신,https://www.yes24.com/product/goods/176025748,,최재용,미디어북,2026년 01월,20000,20000,,1542,14,10.0,,"「생성형 AI 활용 업무혁신」 이 책은 퇴근 시간을 앞당기는 AI 비서의 실제 활용법, 실무자가 바로 써먹을 수 있는 업무 레시피, 반복 업무를 자동화하는 구글 기반 AI 워크플로우, 감마·챗GPT·마누스AI·노트북LM ..."
대체불가 나노 바나나 완전정복,https://www.yes24.com/product/goods/176990624,300가지 무한 활용법: 나노 바나나와 함께 하는 제미나이/구글 AI 스튜디오/이미지 FX/플로우/베오로 잠자던 디자인 본능 깨우기,이용태,책바세,2026년 02월,24300,27000,10.0,1026,2,10.0,,"〈""한 권으로 끝내는 ""나노 바나나"" 이미지·디자인 제작의 모든 것"" 〉〈30년 경력, 최고의 AI 전문가가 쓴, 모든 직업군에서 바로 써먹는 실무형 이미지(사진/그림/놀이/의학/미용/패션/건축/타이포/자동차/PPT/제..."
핸즈온 LLM,https://www.yes24.com/product/goods/146828240,"프롬프트 엔지니어링부터 임베딩, 시맨틱 검색, 미세 튜닝까지, 손에 잡히는 LLM 개념",제이 알아마르,한빛미디어,2025년 06월,34200,38000,10.0,6954,21,9.7,,"LLM, 눈으로 익히고 손으로 구현하라. 트랜스포머 구조부터 시맨틱 검색, 미세 튜닝, 프롬프트 엔지니어링까지 그림과 실전 코드로 만들면서 배우는 대규모 언어 모델의 모든 것『핸즈온 LLM』은 LLM을 쓰는 것을 넘..."
혼자 AI로 끝까지 완성하는 풀스택 온라인 게임 개발,https://www.yes24.com/product/goods/174304314,AI에게 “만들어줘”만 외치다 포기한 초보자를 위한 완성형 게임 개발 로드맵,정금호,로드북,2026년 01월,27000,30000,10.0,1254,0,,,"『 혼자 AI로 끝까지 완성하는 풀스택 온라인 게임 개발』은 AI와 협업해 기획부터 개발, 실시간 연동, 배포, 출시까지 혼자서도 완주하는 풀스택 온라인 게임 개발 로드맵이다. 독자가 따라할 수 있도록 단계별로, ..."
콘텐츠 디자인은 피그마 with AI,https://www.yes24.com/product/goods/150110126,"마케팅, 기획을 위한 올인원 디자인 플랫폼! 기초 사용법, 플러그인, 인공지능 기능부터 배너, 카드 뉴스 템플릿, 상세페이지 자동화까지",김선영,골든래빗,2025년 08월,23400,26000,10.0,5706,9,9.8,#크레마클럽에있어요,"★ 디자인이 어렵다고요? 디자인이 필요한 모든 순간, 피그마와 함께하세요★ 피그마 버즈, 드로우, AI 기능 등 최신 업데이트 반영★ 기초부터 심화까지 단 한 권으로 피그마 콘텐츠 디자인 완성하기디자인, 아직도..."
혼자서도 척척 해내는 AI 에이전트 만들기 with 랭체인 & 랭그래프,https://www.yes24.com/product/goods/172726927,"프롬프트 설계, 오케스트레이션, 허깅 페이스 및 Ollama 연동, MCP 구성, LangSmith 평가까지",강병진,제이펍,2026년 01월,25200,28000,10.0,1908,0,,,"써보는 데서 멈추지 않고 설계와 구현까지 이끄는 LLM 실전 가이드 이 책은 LangChain으로 문서 기반 RAG 시스템을, LangGraph로 멀티스텝 에이전트를 구현하는 과정을 다룬다. 단순한 코드 나열이 아니라 왜 그렇게..."
미드저니 마스터 바이블,https://www.yes24.com/product/goods/145099755,,조남경,비엘북스,2025년 04월,29700,33000,10.0,5694,8,9.5,,"V7으로 더욱 강력해진 최고의 이미지 생성 AI 툴, 미드저니!“너는 상상만 해. 나머지는 미드저니(Midjourney)에게 맡겨!”이 책은 미드저니(Midjourney)를 처음 접하는 입문자부터, 창작의 깊이를 더하고 싶은 고급..."
올라마와 오픈소스 LLM을 활용한 AI 에이전트 개발 입문,https://www.yes24.com/product/goods/168727208,로컬 LLM을 활용한 보안과 비용 걱정 없는 지능형 AI 에이전트 구축,서영배,위키북스,2026년 01월,25200,28000,10.0,2148,2,3.0,,"급작스럽게 다가온 AI 시대를 헤쳐나가기 위한 실용적인 가이드!이 책은 AI 전공자가 아닌 일반 개발자들이 AI 프로그래밍에 입문할 수 있도록 세심하게 구성했습니다. 단순히 랭체인과 에이전트, MCP의 사용법만을 ..."
"요즘 AI 에이전트 개발, LLM RAG ADK MCP LangChain A2A LangGraph",https://www.yes24.com/product/goods/150701473,"60가지 예제로 배우는 인공지능 에이전트 개발, 싱글 Agent부터 멀티 Agent 시스템 설계 및 협업 방식까지",박승규,골든래빗,2025년 08월,28800,32000,10.0,8583,0,,#크레마클럽에있어요,★ AI 에이전트 실전 실무 개발자가 선사하는★ 싱글 에이전트부터 멀티 에이전트까지 ★ 60가지 예제로 배우는 실전 개발 비법을 만나자!이 책은 실무에서 AI 에이전트를 개발하는 저자가 쌓은 모든 노하우를 녹여 ...
AI로 7일 만에 사업 시작하기,https://www.yes24.com/product/goods/146828776,,김다솔,길벗,2025년 06월,19800,22000,10.0,8340,51,9.2,,"사람 한 명 뽑을 여유는 없지만, 일은 많고, 시간은 없고, 손은 모자랄 때 ‘AI’가 바로 그 자리를 채워줄 수 있다. 『AI로 7일 만에 사업 시작하기』는 생성형 AI를 단순한 툴이 아닌 직원, 팀원, 파트너로 채용하..."
이론부터 실전까지 AI 에이전트 완벽 마스터,https://www.yes24.com/product/goods/167253365,LLM·RAG 기본부터 지식 그래프·강화학습·멀티 에이전트 심화까지,살바토레 라이엘리,프리렉,2025년 11월,37800,42000,10.0,3270,3,10.0,,"AI 에이전트 개발의 A to Z 단 한 권으로 끝내는 LLM 기반 에이전트 이론과 실전의 모든 것! 이 책은 AI 에이전트의 기반이 되는 텍스트 인코딩과 트랜스포머의 원리부터 시작해 LLM, RAG, 지식 그래프, 강화학습, ..."
한 걸음 앞선 일잘러가 지금 꼭 알아야 할 바이브 코딩 with 커서,https://www.yes24.com/product/goods/176548558,"웹 명함 제작부터 사내 스터디 관리 플랫폼까지 커서, n8n, MCP로 완성하는 나의 첫 바이브 코딩 올인원 실습서",김태헌,길벗,2026년 02월,27000,30000,10.0,828,1,10.0,,"뒤처지기 싫은 일잘러를 위한! 제로부터 시작하는 바이브 코딩 입문,웹 명함 제작부터 사내 스터디 관리 플랫폼까지 커서, n8n, MCP로 완성하는 올인원 실습서바이브 코딩은 AI를 단순한 자동화 도구가 아닌 함께 사..."
밑바닥부터 시작하는 딥러닝 2,https://www.yes24.com/product/goods/72173703,파이썬으로 직접 구현하며 배우는 순환 신경망과 자연어 처리,사이토 고키,한빛미디어,2019년 05월,26100,29000,10.0,4887,45,9.9,"#분철, #컴공, #개발자, #자연어처리, #순환신경망",직접 구현하면서 배우는 본격 딥러닝 입문서 이번에는 순환 신경망과 자연어 처리다! 이 책은 『밑바닥부터 시작하는 딥러닝』에서 다루지 못했던 순환 신경망(RNN)을 자연어 처리와 시계열 데이터 처리에 사용하는 ...
리더는 AI에게 질문하지 않는다,https://www.yes24.com/product/goods/168871803,새로운 가치를 만드는 리더를 위한 프롬프트 설계와 큐레이션 기술,김희연,북피움,2026년 01월,20700,23000,10.0,2115,0,,,"“기술이 빠를수록, 사람은 더 깊어야 한다.”- 마이클 트루엘(AI 기반 코드 편집기 ‘커서’ 공동 창업자 겸 CEO)AI 황금광 시대, AI 잘 쓰는 리더의 탄생!이제 스티브 잡스, 피터 드러커, 소크라테스를 회의실로 ..."
요즘 우아한 AI 개발,https://www.yes24.com/product/goods/143753715,"머신러닝에서 GPT, LLM, 생성형 AI, MLOps까지, 배달의민족 실제 프로젝트로 엿보는 AI 활용 이야기",우아한형제들,골든래빗,2025년 04월,21600,24000,10.0,9900,14,9.7,#크레마클럽에있어요,"‘우아한형제들’의 진짜 개발 이야기, AI와 함께 돌아왔습니다!배달의민족 메뉴 추천 AI부터 배달 로봇까지, 현실이 된 AI 기술 이야기 수록우아한형제들의 생생한 개발 이야기를 엮은 『요즘 우아한 개발』이 AI ..."
나노바나나로 AI툰 제작하기,https://www.yes24.com/product/goods/177114666,,김한재,비엘북스,2026년 02월,28800,32000,10.0,1101,2,10.0,,"캐릭터 일관성부터 자유로운 공간 연출까지, 구글 ‘나노바나나’로 완성는 AI툰 제작의 모든 것!이제는 AI 창작의 시대입니다. 하지만 많은 사람은 ‘그럴듯한 이미지 한 장’을 만드는 데서 멈추곤 합니다. 웹툰 ..."
한 권으로 끝내는 실전 LLM 파인튜닝,https://www.yes24.com/product/goods/176913080,GPT 원리부터 Gemma 2 · Llama 3 · Whisper · Qwen2-VL 파인튜닝 및 vLLM 서빙까지,강다솔,위키북스,2026년 02월,28800,32000,10.0,684,0,,,"실무 현장에서 바로 쓰는 파인튜닝ㆍPEFTㆍvLLM 서빙, 텍스트를 넘어 멀티모달까지!『한 권으로 끝내는 실전 LLM 파인튜닝』은 AI 기술의 최전선에서 필요한 LLM 파인튜닝의 모든 과정을 이론부터 실습까지 단계별로..."
소프트웨어 아키텍처 The Basics,https://www.yes24.com/product/goods/167431026,모던 엔지니어링을 위한 소프트웨어 아키텍처의 모든 것,마크 리처즈,한빛미디어,2025년 11월,38700,43000,10.0,1614,15,9.9,,"막막했던 아키텍처가 쉬워지는 실무 지침서생성형 AI, 클라우드에 맞춰 새롭게 돌아오다경력을 키우고 싶은 개발자라면 누구나 소프트웨어 아키텍트를 꿈꾼다. 그렇다면 소프트웨어 아키텍트가 되려면 뭘 알아야 할..."
벡터 데이터베이스 설계와 구축,https://www.yes24.com/product/goods/142771026,Vector DBMS & RAG,송한림,아이리포,2025년 03월,16020,17800,10.0,5319,6,9.7,,"최근 팔란티어와 같은 AI 소프트웨어 기업들이 국방 및 의료 분야에서 두각을 나타내고 있으며, 그 핵심에는 데이터 기반 설계와 고도화된 분석기법이 자리하고 있다. AI 시스템의 성능을 극대화하려면 비정형 데이..."
AI 영화 제작,https://www.yes24.com/product/goods/136304038,"제작비 부담 No, 3일 만에 완성! 광고, 게임부터 3D 애니메이션까지",민지영,길벗,2024년 11월,24300,27000,10.0,5238,84,9.7,#분철,"제작비 부담 No, 3일 만에 완성! 광고, 게임부터 3D 애니메이션까지미드저니, 챗GPT, 루마 AI, 캡컷, 프리미어 프로 활용법 수록AI 도구를 활용해 촬영 없이 영상을 만드는 방법은 지금 영상 제작 업계에서 빠르게 ..."
팔리는 블로그 & SNS 글쓰기 with 챗GPT,https://www.yes24.com/product/goods/167694445,"콘텐츠 아이디어부터 이미지까지, 하루 30분으로 1일 1 포스팅 가능한 AI 활용법",홍순성,한빛미디어,2025년 12월,22500,25000,10.0,1848,12,10.0,,"아이디어부터 글쓰기, 썸네일까지 포스팅 하나를 뚝딱 완성하는 데 필요한 도구는 챗GPT 딱 하나!인플루언서 노리고 만든 블로그, SNS 작심삼일로 방치되고 있다면?꾸준히 채널 운영은 해왔지만 이제 무엇을 어떻게 ..."
무조건 도움되는 유아교사 업무경감,https://www.yes24.com/product/goods/174197933,에듀테크 & AI 활용,김나영,교육과실천,2026년 01월,22950,25500,10.0,1968,7,10.0,,"이 책만 차근차근 따라오면업무과다 N0! 업무경감 YES!디지털 도구들을 단순히 어떻게 사용하는지 설명하는 것에 그치지 않고, 교사의 일상 속에서 업무경감으로 이어지는 구체적인 사례를 공개하는 단 한 권의 책!..."
금융업 AI 플레이북,https://www.yes24.com/product/goods/175301361,"AI 시대, 금융 현장의 실전 가이드",임태중,경향비피,2026년 01월,22500,25000,10.0,1233,0,,,"AI 시대, 금융 현장의 새로운 표준을 제시하다AI는 더 이상 특정 산업이나 기술 영역의 문제가 아니다. 금융업은 이미 AI로 인해 업무 방식과 경쟁 구조가 빠르게 바뀌고 있다. 글로벌 금융사들은 대출 심사, 리스크..."
요즘 바이브 코딩 깃허브 코파일럿 31가지 프로그램 만들기,https://www.yes24.com/product/goods/167428992,"인공지능 코딩, AI 포트폴리오, 바탕화면 정리 앱, PDF 편집기, 이메일 자동화, 주식 크롤링, QR 코드 생성기, 노션 스타일 게시판, 대시보드 만들기, 블로그 만들기",박현규,골든래빗,2025년 12월,21600,24000,10.0,2574,4,10.0,#크레마클럽에있어요,"월 10달러로 깃허브 코파일럿을 300% 활용해보세요, 당신의 아이디어를 바로 애플리케이션으로 만들어보세요!랜딩 페이지부터 블로그 만들기까지, 코딩 1도 몰라도 바로 시작할 수 있습니다!깃허브 코파일럿과 대화..."
출근길에 읽고 퇴근길에 완성하는 바이브 코딩,https://www.yes24.com/product/goods/175226781,"IT 지식부터 웹사이트, 챗봇 앱 개발까지",노승헌,더 타이즈,2026년 02월,19800,22000,10.0,942,0,,,"챗GPT를 사용해 봤다면 누구나 완성하는 바이브 코딩!자투리 시간에 던지는 프롬프트 한 줄,세상에 없던 '나만의 앱'이 당신의 손에서 탄생합니다.이제 코딩은 복잡한 문법을 외우는 일이 아니라, AI에 의도를 전달..."
Do it! 커서로 시작하는 AI 코딩 입문,https://www.yes24.com/product/goods/154286556,"웹 앱 제작, 데이터베이스 연동, 프롬프트 작성법, MCP 연결, 바이브 코딩, 서비스 배포, 깃허브 활용",고경희,이지스퍼블리싱,2025년 09월,20700,23000,10.0,4212,18,9.9,,"웹 개발 기초부터 AI 코딩 서비스인 커서 활용법까지!AI 코딩을 시작하는 모두를 위한 가장 친절한 입문서AI가 코드를 생성하는 시대, 이제 복잡한 문법을 외우지 않아도 웹 개발을 시작할 수 있다. 《Do it! 커서로..."
AI 자율학습 밑바닥부터 배우는 AI 에이전트,https://www.yes24.com/product/goods/167584729,프레임워크 없이 5가지 워크플로 패턴으로 배우는 에이전트 설계 원리,다비드스튜디오,길벗,2025년 12월,21600,24000,10.0,1779,17,9.5,,화려한 프레임워크보다 중요한 것은 로직!기본에 충실하게 배우는 에이전트 설계 원리요즘 AI 에이전트가 대세입니다. 사용자를 대신해 방대한 자료를 조사·정리하고 복잡한 코드도 척척 작성하는 에이전트가 다양한...
"2022 개정 교육과정 평가, AI로 날개를 달다 (개념기반 교육과정)",https://www.yes24.com/product/goods/130156178,"백워드 설계, 루브릭, 성장중심평가, AI코스웨어, 사회정서학습, IB교육, 평가와 피드백 지원 플랫폼",지미정,앤써북,2024년 09월,18900,21000,10.0,17721,18,9.9,,"수업의 변화는 평가 패러다임을 바꾸는 것부터 시작된다. 『2022 개정 교육과정 평가, AI로 날개를 달다』 책에는 9명의 현직 교사가 교육과정과 평가를 AI로 풀어가는 실천 사례와 그 과정을 진솔하게 고스란히 담..."
프롬프트를 만드는 프롬프트 GPTs & Gems,https://www.yes24.com/product/goods/169672758,,민진홍,성안당,2025년 12월,24300,27000,10.0,2316,43,10.0,,"프롬프트를 만드는 상위 프롬프트, 메타 플롬프트를 만들어 업무에 실속있게 활용할 수 있는 메타 프롬프트 지침서가 나왔다. 반복되는 업무를 템플릿화하여 사용할 수 있는, AI를 마치 전속 비서처럼 업무 도우미로..."
이게 되네? 업무 자동화 미친 활용 앱스 스크립트 with 챗GPT,https://www.yes24.com/product/goods/135722461,"업무부터 일상까지, 3일 작업 한 방에 처리하는 45가지 미친 자동화 치트키",서휘승,골든래빗,2024년 11월,28800,32000,10.0,3480,3,10.0,"#크레마클럽에있어요, #챗GPT업무활용, #업무능력향상, #일잘러업무스킬","버튼 한 번 딸깍하면 3일 치 반복 업무 뚝딱!혁신적인 업무 자동화를 원한다면45가지 미친 자동화 예제 지금 만나보세요!매일 반복하는 업무, 이제는 자동화로 해결하자! ‘자동화는 어렵고 코드는 복잡해...'라고 ..."
AI 영상 제작,https://www.yes24.com/product/goods/127102247,속지 않을 자신 있나요? 숏폼부터 딥페이크까지,민지영,길벗,2024년 06월,22500,25000,10.0,9792,94,9.7,#분철,"속지 않을 자신 있나요? 숏폼부터 딥페이크까지 미드저니, 챗GPT부터 캡컷, 피카, 스테이블 디퓨전, 스테이블 비디오까지 활용법 수록쇼츠, 릴스, 틱톡을 자유자재로! 누구나 쉽고 빠르게 콘텐츠 제작! 놀라운 딥페..."
"요즘 바이브 코딩 v0 + 커서 입문 PRD 기획·개발·배포, 일주일 완성",https://www.yes24.com/product/goods/168451090,"인공지능 코딩, vercel, 기획, PRD, 설계, 인증, 배포, QR·바코드 생성 앱, 챗GPT, DeepL 번역 클론 앱, API, 리팩터링, 수파베이스 연동",김동학,골든래빗,2026년 01월,25200,28000,10.0,1974,5,10.0,,"PRD 퀄리티가 기획·개발·배포를 좌우합니다!트렌디한 UI는 v0, 백엔드는 커서, 데이터베이스는 수파베이스, 배포는 버셀까지 한 번에!거기에 PRD 작성하는 노하우까지~ 개발의 모든 조각이 자동으로 맞물리는 진짜 ..."
교실로 온 ON 제미나이,https://www.yes24.com/product/goods/177808924,"현장에서 바로 쓰는 인공지능 50가지 활용 가이드 바이브코딩, 라이브, 가이드학습, 스토리북",박찬,다빈치books,2026년 03월,19800,22000,10.0,300,10,10.0,,"“업무는 가볍게, 수업은 똑똑하게.”『교실로 ON 제미나이』는 생성형 AI인 구글 제미나이(Gemini)를 교실에서 함께 일하는 보조교사로 활용하는 방법을 담은 현장 중심 실전 가이드북입니다.제미나이를 아는 것과 ..."
혁펜하임의 Easy! 딥러닝,https://www.yes24.com/product/goods/139734696,,혁펜하임,북엔드,2024년 11월,31500,35000,10.0,5136,31,9.9,#분철,"『혁펜하임의 Easy! 딥러닝』은 딥러닝을 처음 접하는 독자들을 위한 필수 가이드로, 인공지능의 기초 개념부터 CNN, RNN 등 딥러닝의 주요 주제를 폭넓게 다루고 있다. KAIST 박사이자 유튜버로 활동 중인 혁펜하임..."
LUVIT♥ 파이썬으로 만드는 초경량 한국어 LLM 챗봇,https://www.yes24.com/product/goods/170374556,구글 코랩으로 실습하는 데이터 분석 + 챗봇 + LLM,김규석,제이펍,2026년 01월,25200,28000,10.0,1560,1,10.0,,"AI에 묻는 법을 넘어, AI를 이해하고 만드는 첫 번째 책ChatGPT를 쓰는 사람은 많아졌지만, ‘AI가 어떻게 작동하는지’를 이해하는 사람은 여전히 많지 않다. 이 책은 파이썬 기초부터 데이터 분석, 자연어 처리, ..."
테디노트의 랭체인을 활용한 RAG 비법노트 : 기본편,https://www.yes24.com/product/goods/146874665,8단계 RAG 파이프라인으로 LLM 성능을 끌어올리는 RAG 기본부터 실제 챗봇 제작까지,이경록,리코멘드,2025년 05월,30600,34000,10.0,7296,1,10.0,#분철,"8단계 RAG 파이프라인으로 LLM의 성능을 50점에서 90점으로 끌어올리는 RAG 시스템ChatGPT와 같은 LLM은 다양한 업무에 활용되지만, 최신 정보나 특정 문서 내용을 정확히 반영하지 못하는 한계가 있다. 이를 극복하..."
AI 로봇 구조 교과서,https://www.yes24.com/product/goods/172059324,"엔비디아 · Figure AI · 테슬라, AI 산업의 패권을 결정할 로봇 메커니즘 해설",유승남,보누스,2026년 01월,20700,23000,10.0,1392,15,10.0,#크레마클럽에있어요,"현직 로봇 연구자가 인공지능 로봇의 구조와 원리를 상세히 설명한 책이다. 엔비디아, 테슬라, 구글 등 글로벌 빅테크 기업들이 주도하는 AI 로봇 산업의 최신 기술 트렌드는 물론이고 로봇이 세상을 감각하고 이해..."
밑바닥부터 시작하는 딥러닝 5,https://www.yes24.com/product/goods/134648807,10단계로 익히는 이미지 생성 모델의 원리,사이토 고키,한빛미디어,2024년 10월,29700,33000,10.0,3444,20,9.7,"#머신러닝, #기계학습, #신경망, #파이썬, #생성형AI","10단계로 알아보는 이미지 생성 모델의 원리!생성형 AI와 함께하는 『밑바닥부터 시작하는 딥러닝 5』 이 책은 정규 분포와 최대 가능도 추정과 같은 기본 개념에서 출발하여 가우스 혼합 모델, 변이형 오토인코더(V..."
소라 2 AI,https://www.yes24.com/product/goods/175460151,매일매일 쓰는 챗GPT 영상 생성 AI,박범희,생능북스,2026년 02월,22500,25000,10.0,840,13,10.0,,"영상 생성 공식, 챗GPT+소라 2가장 현실적인 물리적 동작과 통합 오디오로 영상 생성 노하우매일매일 활용할 수 있는 챗GPT 영상 생성 모델인 소라 2로, 이제 복잡한 영상 제작도 손쉽게 완성하세요. 가장 현실적인 ..."
AI 자율학습  커서ⅹAI로 완성하는 나만의 웹 서비스,https://www.yes24.com/product/goods/167584726,Cursor와 Gemini API로  기획부터 개발ㆍ배포까지 배우는 실무형 바이브 코딩,성구(강성규),길벗,2025년 12월,21600,24000,10.0,2298,23,9.9,,"AI와 함께 만드는 나만의 웹 서비스Cursor × Gemini API로 기획부터 배포까지 완성하는 실전 가이드AI 덕분에 개발의 문턱은 낮아졌지만, 기본 개념 없이 모든 것을 맡길 수는 없습니다. 그러나 HTML·CSS·JavaScript..."
AI 지도책,https://www.yes24.com/product/goods/115782215,세계의 부와 권력을 재편하는 인공지능의 실체,케이트 크로퍼드,소소의책,2022년 11월,18900,21000,10.0,1818,60,9.5,"#국립중앙도서관사서추천, #기술혁신, #인공지능","지도처럼 한눈에 들여다보는 인공지능의 지형학AI를 둘러싼 부와 권력, 정의의 문제를 생각하고 그 대안을 찾는다인공지능이 정치와 경제 활동에 깊이 스며들고 지구의 자원을 고갈시키면 무슨 일이 일어날까? 우리..."
김변호사의 스마트한 AI 활용법 2,https://www.yes24.com/product/goods/168261519,개업 변호사를 위한 업무 혁신 가이드,김변호사 팀,박영사,2026년 01월,24000,24000,,930,2,10.0,,"저자진은 실제로 개업을 고민하거나 이미 운영 중인 변호사들입니다. 현장에서 부딪힌 시행착오, 성과로 증명된 프로세스, 내일 바로 적용할 수 있는 서식과 템플릿을 담았습니다. 책이 끝나면 일이 시작되도록. 우..."
일반통계학,https://www.yes24.com/product/goods/143081338,,서울대학교 자연과학대학 통계학과,한빛아카데미,2025년 03월,35000,35000,,2622,0,,,"빅데이터와 인공지능 시대, 통계학의 정석 데이터(자료)가 산업과 연구의 중심이 된 지금, 통계학은 이를 효과적으로 분석하고 활용하는 데 필수적인 학문이다. 『일반통계학(3판)』은 통계의 기본 개념을 체계적으..."
밑바닥부터 시작하는 딥러닝 4,https://www.yes24.com/product/goods/124640233,직접 구현하며 익히는 강화 학습 알고리즘,사이토 고키,한빛미디어,2024년 01월,27000,30000,10.0,3594,13,9.8,,"『밑바닥부터 시작하는 딥러닝』 시리즈, 이번엔 강화 학습이다! 강화 학습 핵심 이론부터 문제 풀이, 심층 강화 학습까지 한 권에!이 책의 특징은 제목 그대로 ‘밑바닥부터 만들어가는 것’이다. 속을 알 수 없는 ..."
AI로 완성하는 고수익 유튜브 운영 비법,https://www.yes24.com/product/goods/174682706,,현승효(디스이즈머니),시대인,2026년 01월,16200,18000,10.0,756,2,10.0,,"초보자도 성공하는 AI 시대, 유튜브 채널 운영 전략과 수익화!AI 도구로 제작 시간은 줄이고,알고리즘 작동과 검색 노출 원리를 익혀 단기간에 조회수를 끌어올리는 실전 가이드유튜브를 시작하고 싶지만 이미 늦은 ..."
챗GPT와 함께 하는 SNS 셀프마케팅 & 브랜딩,https://www.yes24.com/product/goods/164773674,블로그 인스타그램 유튜브 월 천만 원 계정 기획과 전략 with AI,이보영,휴먼하우스,2025년 11월,18900,21000,10.0,1914,1,10.0,,"챗GPT를 활용한 SNS 셀프마케팅과 브랜딩SNS를 이용해 누구나 쉽게 셀프마케팅을 하는 방법을 설명했다. 마케팅을 위한 SNS 기획과 전략, 콘셉트 찾기, 상위 노출을 위한 콘텐츠 작성, 방문자와 팬을 만드는 전략, ..."
"요즘 교사를 위한 체육 수업 에듀테크 활용법 : 요즘 체육 수업, 에듀테크로 설계하고 기록되고 성장으로 남는다!",https://www.yes24.com/product/goods/176901915,"체듀테크(체육+에듀테크), 체육수업설계, 학생성장기록, 시범부담해소, 교실/체육관 대안수업, 체육수업데이터화, 자기주도적 신체활동, AI기반체육수업",임우균,앤써북,2026년 02월,15120,16800,10.0,816,9,10.0,,"요즘 체육 수업, 에듀테크로 설계하고 기록하고 학생 성장으로 남는다!『요즘 교사를 위한 체육 수업 에듀테크 활용법』은 체육 수업 전 과정에 에듀테크를 접목해, ‘보여주기 어려운 체육 수업’을 ‘설계하고 남..."
나는 오렌지3로 인공지능한다,https://www.yes24.com/product/goods/167452848,Orange3로 데이터 분석․인공지능,장병철,씨마스,2025년 12월,20700,23000,10.0,2604,30,9.9,,"학생부터 교사, 실무에 필요한 직장인까지인공지능·데이터 분석 역량 강화를 위한 최고의 Orange3 실전 활용서!클릭 몇 번으로 데이터 전처리부터 시각화, 분석까지 척척 해내는 강력한 데이터 마이닝 도구, Orange3..."
네이버 블로그 AI 자동화 마케팅 with 챗GPT+Zapier+Make,https://www.yes24.com/product/goods/145343581,,조영빈,디지털북스,2025년 04월,18000,20000,10.0,5442,10,9.8,,"매일 블로그에 글을 작성하지 않아도 블로그 최적화를 이룩할 수 있다!""챗GPT, 재피어(Zapier), 메이크(Make)로 구현하는 블로그마케팅 자동화의 모든 것“국내에서 가장 많은 사람들이 사용하는 블로그인 네이버 블..."
"AI로 차트, 그래프, 인포그래픽 한 번에 끝내기",https://www.yes24.com/product/goods/175523653,"보고서ㆍ제안서ㆍ기획서, 단번에 OK 받는 실전 업무 시각화",이현,천그루숲,2026년 01월,16200,18000,10.0,972,5,10.0,#크레마클럽에있어요,★ “차트 · 그래프 · 인포그래픽 작업용 프롬프트 다수 수록” ★아직도 엑셀과 PPT로 그래프를 만드세요? 이제 AI에게 맡기세요!많은 실무자들이 보고서와 제안서를 만들 때 가장 어려워하는 부분은 내용이 아니라...
러닝 랭체인,https://www.yes24.com/product/goods/146327472,"랭체인과 랭그래프로 구현하는 RAG, 에이전트, 인지 아키텍처",메이오 오신,한빛미디어,2025년 05월,25200,28000,10.0,4152,26,9.5,,"랭체인부터 랭그래프, RAG, AI 에이전트 그리고 MCP까지직접 만들며 익히는 생성 AI 애플리케이션 개발의 모든 것MCP 활용법 특별 수록: 개념 이해부터 서버 구축, 실전 활용까지LLM 애플리케이션, 어디서부터 시작..."
된다! 하루 만에 만드는 AI 사진 & 이미지,https://www.yes24.com/product/goods/151780100,"챗GPT부터 미드저니까지 다 통한다! 광고 사진, 카드 뉴스, 섬네일, AI 인물 모델 등 인스타그램, 유튜브, 블로그 어디든 활용 가능!",김원석,이지스퍼블리싱,2025년 08월,16020,17800,10.0,4062,40,10.0,"#AI이미지, #AI사진","인스타그램, 유튜브에 쓸 이미지, 아직도 찾는다면? 광고, 카드뉴스, AI 모델까지! 이제 5분이면 직접 만들 수 있다! AI가 내 말을 못 알아듣는 진짜 이유는 '요청 방식'이다. 『된다! 하루 만에 만드는 AI 사진 & ..."
AI 프로덕트 기획과 운영,https://www.yes24.com/product/goods/154918142,,마릴리 니카,한빛미디어,2025년 09월,19800,22000,10.0,2130,8,9.8,"#UX, #생성형AI","AI가 불러온 변화의 시대,새로운 시대를 항해하는 PM을 위한 안내서AI는 불과 10년 전에는 상상하지 못한 방식으로 문제를 해결하고 솔루션을 확장할 힘을 제공하며, 디지털 환경과 프로덕트 개발 방식을 급격히 변..."
AI를 위한 필수 수학,https://www.yes24.com/product/goods/130156635,"AI 시스템에 쓰이는 통계학, 선형 대수학, 미적분학",할라 넬슨,한빛미디어,2024년 08월,40500,45000,10.0,2880,12,9.5,,"AI의 시작은 수학이다!정리/증명/코딩은 빼고, 적용 사례에 집중한 수학 가이드이 책은 복잡한 공식과 방대한 양에 압도되어 수학 공부를 포기하는 사람들을 위해 만들어졌다. AI 시스템 구축에 필수적인 통계학, 선..."
생성형 AI를 위한 프롬프트 엔지니어링,https://www.yes24.com/product/goods/147735087,"랭체인, 스테이블 디퓨전, 미드저니, 챗GPT를 다루는 가장 실용적인 방법",제임스 피닉스,한빛미디어,2025년 06월,34200,38000,10.0,5439,9,10.0,,"AI의 잠재력을 극대화하는 핵심 기술프롬프트 엔지니어링 완전 정복! 생성형 AI는 우리가 정보를 생성하고 활용하는 방식을 혁신적으로 변화시키고 있다. 『생성형 AI를 위한 프롬프트 엔지니어링』은 챗GPT, 스테이..."
현직교사가 만든 가장 쉬운 미리캔버스 수업 활용! MiriCanvas(미리캔버스)로 무엇이든 만들 수 있다,https://www.yes24.com/product/goods/170378306,교사를 위한 미리캔버스 수업 활용,김동은,광문각출판미디어,2025년 12월,21000,21000,,1428,27,9.8,,"『MiriCanvas(미리캔버스)로무엇이든만들 수 있다』는 다섯 명의 집필진이 각자의 교실에서 미리캔버스를 활용하며 축적한 경험과 노하우를 집대성한 결과물입니다. 역사, 국어, 영어 등 다양한 교과에서 실제로 수..."
요즘 교사를 위한 AI 디지털 수업 설계 가이드 with 2022 개정 교육과정,https://www.yes24.com/product/goods/151350143,깊이 있는 학습을 위한 디지털 기반 아날로그 수업,김진관,한빛미디어,2025년 08월,19800,22000,10.0,9156,33,9.9,,"기술 나열은 그만, 교육 철학과 AI가 만나는 진짜 수업 설계 가이드생성형 AI를 활용한 교과 세특 작성, 맞춤형 도구 개발 등 실제 적용 노하우 수록자체 개발 수업 설계 템플릿, 학습 지원 도구, 평가 도구 플랫폼 ..."
알아서 잘하는 에이전틱 AI 시스템 구축하기,https://www.yes24.com/product/goods/151381888,"추론, 계획, 적응 가능한 지능형 자율 에이전트 설계 가이드",안자나바 비스와스,제이펍,2025년 09월,25200,28000,10.0,3048,3,10.0,,"복잡한 AI 시스템을 조율하는 조정자 · 작업자 · 위임자 모델로 에이전트 구축하기 이 책은 생성형 AI를 활용해 계획·추론·행동하는 자율 AI 에이전트를 설계하고 배포하는 방법을 다룬다. 예시 프로젝트로 CrewAI, ..."
모방하는 기계들의 시대,https://www.yes24.com/product/goods/172734590,거의 모든 인공지능의 역사,김태훈,좋은습관연구소,2026년 01월,18000,20000,10.0,660,0,,#크레마클럽에있어요,"머신러닝, 딥러닝, 신경망, 생성형 모델, 멀티모달 학습, 온디바이스 AI, 분산형 환경 등 AI의 원리와 구조까지. 이 책은 1950년 앨런 튜링의 질문에서 시작해, 수차례의 실패와 ‘AI의 겨울’을 거쳐 딥러닝과 생성..."
린 분석,https://www.yes24.com/product/goods/11775117,성공을 예측하는 31가지 사례와 13가지 패턴,앨리스테어 크롤,한빛미디어,2014년 01월,25200,28000,10.0,1986,10,9.3,"#월간개발자_추천도서, #스타트업, #스타트업필독서","실례를 들어 스타트업을 성공으로 안내하는 핵심 지표를 설명하고 있다. 『린 스타트업: 실리콘밸리를 뒤흔든 IT 창업 가이드』(한빛미디어, 2012)로 사업 진행 체계를 세우고 사업에서 위험도가 가장 높은 것이 무..."
핸즈온 머신러닝,https://www.yes24.com/product/goods/122338517,"사이킷런, 케라스, 텐서플로 2로 완벽 이해하는 머신러닝, 딥러닝 이론 & 실무",오렐리앙 제롱,한빛미디어,2023년 09월,54000,60000,10.0,5583,39,9.7,"#신경망, #딥러닝, #머신러닝, #AI, #인공지능","실무 밀착형 예제부터 스테이블 디퓨전 등 최신 머신러닝 트렌드까지주요 인공 지능 콘퍼런스에서 전문가들이 소개한 최고의 실전 지침서** 독자의 편의를 고려한 분권(1권, 2권)** 최신 라이브러리 버전으로 전체 ..."
AI 영상×미드저니·런웨이·소라·클링·하이루오,https://www.yes24.com/product/goods/151152657,귀찮고 복잡한 일은 AI에게 맡기고 나는 상상에 집중한다,안재홍,길벗,2025년 08월,23400,26000,10.0,4266,16,9.6,"#생성형AI, #AI영상작업","영상 이론부터 기획, 제작, 실무 노하우를 한 권으로 끝낸다!상상 속 장면을 현실로 만드는 영상 생성 AI 활용법생성형 AI 기술의 발전으로 영상 제작의 진입장벽은 낮아졌지만, 여전히 ‘어디서부터 시작해야 할지..."
